{
    "results": {
        "tool": {
            "name": "pytest",
            "version": "8.4.1"
        },
        "summary": {
            "tests": 2,
            "passed": 2,
            "failed": 0,
            "skipped": 0,
            "pending": 0,
            "other": 0,
            "start": 1781672477.990879,
            "stop": 1781672478.0123453
        },
        "tests": [
            {
                "name": "test_state.py::test_output_exists",
                "status": "passed",
                "duration": 0.0016418739687651396,
                "start": 1781672478.0085716,
                "stop": 1781672478.0106196,
                "retries": 0,
                "file_path": "test_state.py"
            },
            {
                "name": "test_state.py::test_output_schema",
                "status": "passed",
                "duration": 0.0011471670004539192,
                "start": 1781672478.0107646,
                "stop": 1781672478.0120885,
                "retries": 0,
                "file_path": "test_state.py"
            }
        ]
    }
}