{
    "results": {
        "tool": {
            "name": "pytest",
            "version": "8.4.1"
        },
        "summary": {
            "tests": 2,
            "passed": 2,
            "failed": 0,
            "skipped": 0,
            "pending": 0,
            "other": 0,
            "start": 1781671243.6846232,
            "stop": 1781671243.6952827
        },
        "tests": [
            {
                "name": "test_state.py::test_output_exists",
                "status": "passed",
                "duration": 0.0005149999633431435,
                "start": 1781671243.6937008,
                "stop": 1781671243.6943827,
                "retries": 0,
                "file_path": "test_state.py"
            },
            {
                "name": "test_state.py::test_output_schema",
                "status": "passed",
                "duration": 0.000444917066488415,
                "start": 1781671243.6945052,
                "stop": 1781671243.6950812,
                "retries": 0,
                "file_path": "test_state.py"
            }
        ]
    }
}