{
    "results": {
        "tool": {
            "name": "pytest",
            "version": "8.4.1"
        },
        "summary": {
            "tests": 2,
            "passed": 2,
            "failed": 0,
            "skipped": 0,
            "pending": 0,
            "other": 0,
            "start": 1781671271.3330736,
            "stop": 1781671271.347085
        },
        "tests": [
            {
                "name": "test_state.py::test_output_exists",
                "status": "passed",
                "duration": 0.000427542079705745,
                "start": 1781671271.3456607,
                "stop": 1781671271.3462646,
                "retries": 0,
                "file_path": "test_state.py"
            },
            {
                "name": "test_state.py::test_output_schema",
                "status": "passed",
                "duration": 0.00043474999256432056,
                "start": 1781671271.3463898,
                "stop": 1781671271.346943,
                "retries": 0,
                "file_path": "test_state.py"
            }
        ]
    }
}